student_id,name,class,comprehension,attention,focus,retention,engagement_time,assessment_score
S1000,Krishna,12,70.8,74.0,50.9,64.6,367.1,55.4
S1001,Ritika,9,100.0,80.4,43.6,92.7,377.9,78.3
S1002,Rohan,10,75.7,83.2,43.7,68.3,379.2,58.8
S1003,Diya,12,82.7,92.6,18.1,71.7,175.7,70.5
S1004,Kartik,8,67.2,53.3,71.8,70.0,98.1,67.9
S1005,Vivaan,10,70.9,73.7,66.8,80.3,170.2,67.9
S1006,Pooja,10,79.1,58.3,26.0,55.1,283.3,67.2
S1007,Ananya,12,71.8,50.0,89.1,67.1,234.3,63.4
S1008,Aadhya,7,43.4,52.6,93.6,66.4,201.4,45.2
S1009,Priya,8,87.9,73.9,45.0,77.8,270.4,78.9
S1010,Sai,12,61.4,72.5,83.3,76.7,87.6,62.0
S1011,Neha,8,99.6,72.2,48.5,70.4,232.7,83.6
S1012,Gopal,8,79.6,60.9,63.6,79.3,320.7,62.5
S1013,Sanjay,10,71.0,65.1,43.3,57.7,269.4,43.2
S1014,Ritika,9,76.2,79.7,100.0,84.3,282.3,76.6
S1015,Ritika,8,68.5,38.2,54.1,54.9,363.8,55.7
S1016,Ritika,11,63.2,65.4,62.5,58.4,214.0,50.9
S1017,Meera,10,72.9,66.6,46.2,55.9,161.2,53.9
S1018,Saanvi,7,82.4,78.6,97.2,74.5,327.1,89.2
S1019,Akash,9,63.5,40.7,97.7,65.9,325.4,48.3
S1020,Suresh,11,61.3,91.9,92.6,69.2,270.2,53.3
S1021,Gopal,11,65.0,68.8,79.1,62.9,205.6,56.2
S1022,Aryan,7,83.3,69.8,47.5,69.0,220.1,74.2
S1023,Deepak,9,90.3,57.8,76.6,61.3,105.1,80.1
S1024,Arjun,10,75.1,74.7,59.9,75.8,320.2,70.8
S1025,Rekha,6,78.1,65.9,86.2,62.0,317.0,51.8
S1026,Neha,9,61.2,86.8,82.3,73.7,101.9,73.4
S1027,Aadhya,7,82.3,39.1,47.0,60.6,298.1,58.7
S1028,Priya,11,77.7,68.2,79.0,78.4,256.4,58.5
S1029,Rekha,10,60.1,72.4,73.6,66.9,128.0,45.1
S1030,Diya,9,45.0,61.6,4.5,52.0,111.5,48.8
S1031,Rohan,6,52.9,57.7,76.0,61.4,253.6,51.3
S1032,Ishita,6,60.6,58.5,51.4,64.0,184.2,54.8
S1033,Sneha,8,86.3,68.1,42.3,65.5,383.8,77.8
S1034,Divya,8,91.7,32.4,43.1,62.5,305.7,55.9
S1035,Harini,12,63.8,82.4,57.3,77.1,262.6,72.5
S1036,Priya,7,64.3,56.4,69.6,61.8,267.1,49.9
S1037,Priya,9,73.7,67.3,32.7,62.7,339.8,78.2
S1038,Ritika,9,70.2,71.6,63.8,74.9,296.2,67.3
S1039,Aarav,12,83.0,55.5,71.5,67.5,265.0,55.5
S1040,Shruti,11,62.7,62.6,97.2,58.3,131.8,35.0
S1041,Suresh,11,83.3,28.4,38.5,57.1,495.6,66.6
S1042,Saanvi,12,66.7,78.2,53.0,72.6,120.7,55.6
S1043,Rekha,11,82.0,84.4,65.2,70.4,191.9,65.0
S1044,Deepak,8,66.2,34.4,82.9,64.9,71.1,55.2
S1045,Aditya,9,61.4,57.7,53.9,62.5,268.5,61.4
S1046,Vivaan,12,96.8,42.9,84.0,63.8,233.6,74.8
S1047,Rohan,9,84.9,61.8,21.3,56.4,288.9,52.8
S1048,Sai,6,44.9,76.7,34.9,49.6,63.5,54.3
S1049,Ananya,8,63.7,82.8,67.0,69.2,320.2,55.9
S1050,Shruti,10,86.9,85.2,31.8,68.1,147.3,49.0
S1051,Harini,8,53.2,88.6,36.5,54.9,206.6,42.3
S1052,Anjali,12,80.8,61.0,49.4,77.0,303.8,67.5
S1053,Gopal,10,79.3,44.4,75.4,67.2,243.5,51.4
S1054,Suresh,6,60.2,62.9,22.1,47.3,249.9,48.8
S1055,Vihaan,12,69.9,76.4,63.4,70.0,291.9,64.5
S1056,Vishal,7,40.7,42.9,80.7,54.6,258.6,39.2
S1057,Suresh,9,94.8,94.9,56.1,85.5,189.3,72.7
S1058,Priya,6,65.7,81.2,52.6,65.8,205.0,48.3
S1059,Kartik,9,81.3,61.3,68.0,68.1,239.1,62.9
S1060,Priya,11,78.6,52.2,56.2,61.1,139.4,40.3
S1061,Kartik,7,89.0,53.0,87.8,74.3,309.6,61.8
S1062,Manish,7,63.9,66.3,37.8,60.1,246.0,47.2
S1063,Rahul,6,72.9,60.9,59.0,59.8,226.7,55.1
S1064,Sanjay,7,77.8,82.1,64.1,78.0,327.3,66.7
S1065,Rekha,10,82.2,58.8,52.4,76.2,209.2,71.9
S1066,Rohan,7,86.2,74.1,2.6,63.6,203.6,77.5
S1067,Chitra,9,63.3,64.5,56.8,59.8,176.4,43.9
S1068,Kartik,9,60.7,69.9,78.0,60.0,250.9,69.9
S1069,Diya,12,89.0,60.9,75.6,86.7,247.8,64.3
S1070,Aarav,9,41.5,77.7,67.1,51.7,160.0,45.2
S1071,Gopal,12,92.0,78.0,38.0,79.4,204.0,75.8
S1072,Chitra,9,65.8,73.3,67.9,72.4,160.6,77.6
S1073,Arjun,10,69.9,75.9,48.5,65.0,156.6,53.9
S1074,Sai,12,60.4,48.0,67.1,56.8,64.3,32.3
S1075,Manish,8,69.3,70.8,62.4,57.0,199.2,67.9
S1076,Ritika,11,87.8,87.5,40.5,77.9,66.8,62.2
S1077,Priya,6,80.8,73.8,42.2,72.8,178.3,61.7
S1078,Chitra,9,76.9,46.4,67.1,58.8,164.9,46.2
S1079,Sneha,7,71.2,64.1,55.6,64.3,314.7,56.6
S1080,Aryan,9,49.8,71.7,43.2,54.9,128.7,39.8
S1081,Siddharth,7,58.2,51.4,41.5,55.5,151.5,52.8
S1082,Gopal,11,65.2,40.6,53.9,55.0,185.7,49.7
S1083,Deepak,11,76.4,59.3,91.4,65.3,167.8,53.1
S1084,Priya,11,71.0,51.7,49.5,56.6,343.2,64.0
S1085,Vikas,7,83.8,64.7,59.7,73.4,117.5,65.6
S1086,Manish,9,76.6,36.4,62.0,65.9,185.9,40.9
S1087,Harini,11,70.8,75.2,37.4,60.0,249.9,66.1
S1088,Siddharth,10,100.0,53.6,24.7,80.4,299.3,74.6
S1089,Nikhil,12,75.7,82.9,39.5,57.4,185.8,71.3
S1090,Gopal,7,64.0,60.0,64.9,59.6,47.4,51.3
S1091,Aryan,7,96.0,64.5,61.7,77.5,206.5,64.6
S1092,Aryan,9,86.8,61.9,74.0,74.9,341.7,66.8
S1093,Nikhil,7,95.4,52.6,61.9,66.8,245.4,73.3
S1094,Ananya,7,68.4,100.0,57.8,77.9,241.3,59.7
S1095,Kartik,11,83.7,56.1,47.9,68.7,124.3,57.6
S1096,Ritika,9,49.7,83.4,77.7,67.1,115.1,49.3
S1097,Ananya,11,81.0,45.3,41.6,62.4,221.6,49.3
S1098,Pooja,12,67.8,71.7,37.8,58.9,91.6,48.1
S1099,Lakshmi,12,51.0,73.6,71.3,53.2,290.3,51.0
S1100,Shruti,11,84.5,64.6,33.3,61.4,143.8,70.8
S1101,Aadhya,12,44.7,54.7,100.0,62.5,217.8,47.9
S1102,Sai,9,43.2,60.3,61.6,53.9,50.3,40.3
S1103,Nikhil,6,75.1,57.7,67.0,68.1,184.6,52.1
S1104,Sanjay,11,78.0,100.0,43.8,79.3,113.3,76.7
S1105,Aadhya,10,83.6,64.6,53.7,66.9,11.0,63.5
S1106,Akash,10,80.4,74.4,51.5,71.5,268.8,60.0
S1107,Suresh,7,90.7,97.1,49.2,85.6,367.7,85.6
S1108,Rahul,12,79.8,49.2,72.7,68.3,321.7,66.2
S1109,Vivaan,10,68.1,65.7,51.0,55.7,281.4,49.2
S1110,Vivaan,7,69.0,60.2,80.4,63.4,182.7,54.7
S1111,Diya,6,66.0,63.4,100.0,78.7,292.5,56.6
S1112,Kartik,9,74.1,61.8,54.1,73.8,330.1,83.9
S1113,Neha,9,54.6,51.8,63.0,62.9,232.3,53.5
S1114,Diya,9,74.8,68.5,67.6,72.5,113.4,61.7
S1115,Priya,10,68.8,45.9,96.2,61.6,175.1,56.5
S1116,Gopal,6,73.9,82.8,58.3,72.6,373.2,77.4
S1117,Vivaan,10,73.9,76.2,43.4,76.4,213.3,63.0
S1118,Divya,12,35.7,56.1,34.7,45.3,0.0,29.3
S1119,Divya,10,57.4,57.0,58.8,56.4,87.8,53.8
S1120,Divya,6,68.5,70.0,51.0,68.3,181.8,56.6
S1121,Saanvi,6,69.2,50.6,100.0,63.7,313.2,47.9
S1122,Ishita,12,73.6,97.6,95.4,82.1,195.4,57.8
S1123,Meera,6,74.2,71.4,39.3,58.2,314.9,72.4
S1124,Priya,6,91.2,72.1,45.8,76.9,172.6,70.5
S1125,Anjali,9,74.4,77.3,61.5,76.3,43.2,56.4
S1126,Vishal,12,65.6,54.6,87.9,67.0,175.8,52.2
S1127,Akash,8,47.6,84.6,61.1,56.9,251.0,56.6
S1128,Anjali,8,50.8,67.1,47.1,54.6,243.6,45.8
S1129,Sneha,6,77.5,82.1,58.8,71.3,107.0,51.3
S1130,Harini,8,84.8,61.4,47.4,63.7,188.4,64.8
S1131,Ritika,8,91.6,88.7,72.0,87.9,461.6,89.3
S1132,Sai,6,58.4,72.2,45.8,54.9,109.0,58.9
S1133,Siddharth,8,65.7,100.0,49.8,62.6,279.5,57.1
S1134,Akash,10,73.4,58.3,83.2,63.3,31.3,64.6
S1135,Sai,7,98.7,68.7,44.6,66.5,297.7,73.1
S1136,Vihaan,12,71.6,46.4,31.1,55.4,139.7,61.7
S1137,Pooja,7,91.7,55.5,61.9,74.3,256.2,72.4
S1138,Ananya,6,72.4,76.1,52.8,69.2,103.8,47.2
S1139,Vihaan,9,86.1,85.3,70.2,85.4,246.2,86.7
S1140,Vihaan,12,84.4,100.0,66.3,91.7,138.2,74.4
S1141,Vivaan,6,72.3,63.3,59.4,62.8,155.6,61.3
S1142,Vikas,9,55.7,48.2,58.8,56.7,259.8,37.3
S1143,Aryan,7,66.2,78.6,45.3,55.2,181.3,59.1
S1144,Rahul,6,90.8,44.7,61.7,78.0,254.2,75.6
S1145,Pooja,12,82.3,75.2,77.6,71.5,202.8,80.9
S1146,Akash,12,63.9,56.0,40.5,51.4,226.1,61.8
S1147,Rekha,11,65.2,68.8,59.9,61.4,260.1,60.5
S1148,Sai,10,45.8,84.6,80.8,57.0,188.5,36.0
S1149,Krishna,8,90.2,63.0,70.1,77.2,130.4,68.1
S1150,Deepak,9,82.4,81.8,86.2,84.5,172.1,64.5
S1151,Vihaan,11,68.1,80.7,48.6,65.9,327.6,63.1
S1152,Vishal,8,72.8,31.4,23.4,38.8,230.5,37.6
S1153,Diya,8,39.6,48.8,64.0,60.4,144.0,39.0
S1154,Rahul,6,63.2,36.9,67.3,59.6,256.1,45.8
S1155,Suresh,8,88.7,100.0,87.4,100.0,262.1,75.5
S1156,Shruti,10,83.7,63.1,83.8,72.7,266.8,61.3
S1157,Ishita,12,74.6,97.1,70.7,86.1,132.0,67.1
S1158,Manish,11,69.8,35.6,75.3,65.6,158.6,54.6
S1159,Aadhya,8,81.1,54.7,56.2,65.2,159.1,39.6
S1160,Kartik,6,66.1,79.4,35.6,70.9,187.5,40.2
S1161,Ritika,10,46.7,68.2,62.4,54.6,268.5,44.3
S1162,Vihaan,7,69.9,74.6,79.7,71.6,246.7,59.6
S1163,Aarav,12,75.6,42.4,73.1,44.2,253.8,53.4
S1164,Aditya,12,85.7,89.8,76.7,87.1,341.9,69.4
S1165,Ishita,11,49.8,79.0,51.4,51.0,282.0,49.3
S1166,Rahul,12,68.3,72.2,54.7,62.8,207.2,58.3
S1167,Saanvi,8,68.9,52.7,69.7,58.1,113.5,46.0
S1168,Saanvi,6,54.6,70.8,49.1,55.9,155.7,57.1
S1169,Sneha,12,76.8,59.8,49.7,67.6,196.4,61.3
S1170,Siddharth,12,80.5,35.3,66.0,63.4,294.6,62.6
S1171,Manish,7,65.9,64.1,75.2,72.0,217.5,58.2
S1172,Kavya,7,98.8,62.2,56.0,84.7,160.9,89.5
S1173,Ritika,9,65.5,84.1,36.7,61.7,154.0,61.6
S1174,Neha,10,63.7,24.8,45.3,44.6,213.7,40.0
S1175,Manish,8,63.3,69.2,64.1,71.0,300.1,65.1
S1176,Vikas,12,58.6,44.2,63.8,61.8,363.2,38.5
S1177,Gopal,12,62.2,70.7,64.8,69.9,201.5,57.3
S1178,Meera,6,49.9,71.7,70.4,55.9,216.0,50.9
S1179,Rekha,9,67.3,63.4,60.1,66.9,110.7,56.1
S1180,Aryan,10,70.8,79.5,65.3,72.7,394.5,62.3
S1181,Anjali,9,38.0,42.6,59.1,51.0,93.9,27.8
S1182,Rahul,11,68.6,84.9,83.0,73.6,325.4,57.7
S1183,Meera,10,70.6,52.3,88.6,59.6,187.1,54.9
S1184,Diya,12,77.2,37.0,36.2,59.0,166.1,45.0
S1185,Lakshmi,12,86.9,60.1,54.9,55.5,120.1,73.8
S1186,Meera,10,81.9,27.3,60.7,55.8,436.9,37.0
S1187,Vishal,12,61.3,69.6,54.7,56.0,239.9,50.4
S1188,Rohan,8,59.7,60.3,95.9,62.7,221.9,53.2
S1189,Harini,10,78.1,87.2,64.5,72.9,299.8,71.6
S1190,Siddharth,9,62.3,76.7,43.9,69.3,161.4,49.1
S1191,Vihaan,10,52.8,39.9,71.9,58.7,220.2,54.5
S1192,Neha,12,100.0,49.9,65.4,74.8,225.1,58.8
S1193,Rohan,8,65.6,74.4,66.1,75.2,173.9,54.6
S1194,Divya,8,61.2,80.2,96.2,69.3,328.0,64.3
S1195,Vishal,11,39.3,87.0,67.0,53.4,200.3,53.8
S1196,Vihaan,9,81.9,86.9,53.9,81.6,80.2,56.3
S1197,Akash,7,56.2,63.4,20.9,53.0,192.9,69.6
S1198,Anjali,7,70.4,71.5,56.7,64.6,242.4,51.9
S1199,Sneha,10,83.6,88.4,86.1,78.8,139.6,58.2
S1200,Kavya,11,56.4,59.5,58.2,66.5,146.7,54.6
S1201,Priya,6,71.1,71.8,15.2,47.0,170.8,51.0
S1202,Manish,10,91.3,59.1,50.0,67.8,329.9,63.9
S1203,Ishita,11,35.6,55.1,79.9,53.9,176.2,43.7
S1204,Vihaan,9,58.7,65.9,70.9,74.7,348.6,45.6
S1205,Anjali,9,57.3,52.6,43.2,54.7,164.7,33.6
S1206,Ritika,9,67.4,62.6,48.7,64.2,249.3,51.8
S1207,Harini,9,69.3,46.4,51.8,54.6,179.8,60.0
S1208,Anjali,9,55.1,61.6,46.7,58.4,287.9,46.3
S1209,Arjun,11,60.8,73.1,19.4,54.8,119.4,63.8
S1210,Divya,11,59.2,54.4,75.3,52.2,286.9,59.3
S1211,Sneha,8,65.1,65.2,85.1,74.9,230.2,60.6
S1212,Priya,7,73.1,67.5,29.6,66.4,162.4,61.4
S1213,Neha,12,82.7,73.1,84.9,85.2,205.0,71.0
S1214,Kartik,9,84.8,62.6,57.9,71.6,358.0,68.4
S1215,Krishna,6,79.2,84.5,84.5,76.4,232.4,64.4
S1216,Suresh,12,57.8,27.2,60.8,35.5,156.8,36.7
S1217,Priya,11,70.0,100.0,62.7,78.1,111.6,55.8
S1218,Vikas,6,100.0,49.3,67.4,83.1,265.5,54.9
S1219,Vihaan,6,84.2,72.3,44.2,76.6,237.6,76.5
S1220,Vihaan,6,63.8,48.1,83.9,69.0,282.6,56.0
S1221,Aditya,8,92.1,76.6,37.6,73.4,88.4,68.2
S1222,Anjali,11,64.6,70.0,52.0,69.6,114.5,58.8
S1223,Lakshmi,6,60.6,53.3,70.5,66.4,323.2,47.6
S1224,Aarav,9,89.5,84.3,49.8,75.5,249.8,63.5
S1225,Rekha,10,51.7,62.0,75.6,64.8,268.0,48.4
S1226,Vihaan,6,43.2,74.8,87.5,60.6,133.4,56.8
S1227,Akash,8,83.2,48.5,80.3,75.3,131.7,52.2
S1228,Vikas,12,70.4,64.4,21.3,48.5,309.2,34.1
S1229,Lakshmi,11,71.8,100.0,62.5,70.6,313.5,62.4
S1230,Arjun,8,64.9,82.3,80.6,80.4,122.1,69.6
S1231,Sneha,6,66.7,70.5,33.7,65.2,104.9,41.4
S1232,Suresh,11,63.6,56.9,74.5,68.1,210.2,45.1
S1233,Aryan,10,61.2,66.2,73.3,66.3,148.1,55.6
S1234,Neha,6,64.7,68.6,35.8,44.3,146.2,70.2
S1235,Sai,8,64.2,73.1,76.7,69.5,107.4,45.0
S1236,Vikas,7,58.4,45.6,65.5,59.1,177.8,36.8
S1237,Sanjay,9,62.4,77.0,73.0,66.2,116.1,57.7
S1238,Rekha,12,35.0,45.4,40.7,35.2,121.4,41.3
S1239,Aadhya,8,79.6,94.4,63.0,88.5,246.9,67.2
S1240,Rahul,11,75.5,51.1,25.9,55.4,215.0,42.3
S1241,Vivaan,6,68.8,70.3,14.5,58.4,263.6,60.5
S1242,Arjun,9,73.3,83.1,62.8,78.3,71.6,67.5
S1243,Divya,6,73.8,60.5,82.0,65.9,220.9,73.0
S1244,Lakshmi,11,59.9,71.1,65.1,65.7,406.8,63.1
S1245,Aditya,6,62.5,90.8,58.7,78.0,186.5,67.9
S1246,Siddharth,7,77.4,75.2,56.2,82.4,294.2,65.6
S1247,Aryan,9,72.9,71.4,41.1,64.8,293.4,80.5
S1248,Ishita,9,98.6,34.7,55.6,67.2,297.9,63.2
S1249,Pooja,11,92.7,48.2,68.4,74.9,235.0,62.0
S1250,Akash,12,83.1,83.8,51.3,76.8,270.9,84.0
S1251,Rohan,7,59.3,75.3,75.0,76.4,282.9,47.0
S1252,Siddharth,8,62.1,78.0,63.9,61.3,277.2,41.7
S1253,Sanjay,6,56.0,76.4,66.3,63.0,119.4,52.6
S1254,Anjali,10,73.9,88.2,77.8,72.5,66.3,62.0
S1255,Aarav,6,31.6,60.3,49.5,38.6,80.2,30.9
S1256,Rohan,6,63.6,67.2,73.2,69.3,195.7,64.0
S1257,Ishita,8,65.7,46.5,52.3,61.4,273.5,45.9
S1258,Meera,6,48.7,42.0,66.8,47.3,120.6,40.1
S1259,Sneha,7,81.2,35.4,47.1,63.6,303.2,55.8
S1260,Sanjay,7,54.1,49.1,41.8,56.2,174.8,38.8
S1261,Kavya,9,73.7,92.9,61.8,88.1,175.7,67.9
S1262,Harini,11,100.0,37.1,22.3,62.1,144.8,70.3
S1263,Ananya,12,47.4,59.5,54.1,48.9,50.4,57.9
S1264,Kavya,10,67.9,41.7,27.9,44.0,240.6,53.1
S1265,Aryan,6,64.3,54.2,75.6,57.5,374.1,34.4
S1266,Arjun,6,61.6,68.1,81.0,75.9,214.4,57.1
S1267,Ishita,8,80.6,52.4,42.7,53.6,53.4,54.8
S1268,Kavya,11,85.5,84.6,68.6,88.3,290.2,81.3
S1269,Vikas,7,80.8,92.6,78.0,78.4,73.8,68.5
S1270,Pooja,10,59.9,24.5,78.0,49.7,111.2,51.9
S1271,Anjali,9,100.0,52.7,64.3,76.0,198.5,73.3
S1272,Saanvi,7,45.2,66.1,74.7,54.6,231.1,58.0
S1273,Meera,11,55.5,85.3,47.0,67.9,129.2,50.6
S1274,Nikhil,12,72.4,56.8,61.7,75.9,195.0,60.9
S1275,Krishna,9,71.3,64.6,50.7,60.2,284.4,64.6
S1276,Ritika,12,76.8,44.2,45.3,56.6,296.7,51.9
S1277,Anjali,8,92.1,37.4,60.7,66.9,332.6,58.4
S1278,Sanjay,8,68.3,91.0,67.0,78.0,391.8,62.0
S1279,Kartik,6,71.6,32.2,83.3,61.8,292.9,47.8
S1280,Shruti,12,61.7,100.0,65.3,82.4,200.5,67.8
S1281,Nikhil,11,78.2,78.1,72.8,83.7,297.3,54.2
S1282,Suresh,10,65.5,77.2,73.1,63.8,262.0,45.7
S1283,Kavya,9,65.5,75.4,100.0,80.2,265.6,76.9
S1284,Sanjay,7,77.6,60.5,23.8,68.1,235.9,55.3
S1285,Chitra,11,84.5,72.1,46.2,68.2,137.9,65.6
S1286,Shruti,11,39.1,61.6,89.5,56.7,127.5,29.3
S1287,Vishal,8,75.1,75.0,53.0,66.3,211.3,62.1
S1288,Akash,12,66.2,64.4,77.7,65.5,233.4,50.7
S1289,Diya,6,83.3,47.9,64.6,58.0,158.9,45.1
S1290,Ananya,6,66.5,49.3,100.0,61.8,258.1,64.4
S1291,Divya,9,88.2,47.3,37.7,63.8,407.3,74.6
S1292,Arjun,8,60.5,82.5,84.4,82.2,63.0,57.3
S1293,Harini,11,38.8,53.9,95.0,53.7,272.4,49.5
S1294,Rahul,10,84.7,30.6,39.7,53.4,214.1,70.6
S1295,Nikhil,8,58.2,72.1,75.7,77.0,260.6,63.7
S1296,Neha,9,47.9,92.3,40.7,52.7,181.2,53.0
S1297,Vikas,9,70.2,78.9,60.6,60.5,206.9,60.1
S1298,Vishal,8,66.7,54.1,54.9,55.0,231.7,57.6
S1299,Vishal,9,81.5,36.4,11.9,46.6,192.9,50.0
S1300,Manish,8,82.5,62.6,68.5,62.5,83.2,57.2
S1301,Anjali,7,71.3,62.1,62.9,65.7,198.9,61.2
S1302,Aditya,8,57.6,47.6,89.6,68.3,92.5,45.0
S1303,Aadhya,12,74.0,74.9,72.2,66.1,278.8,59.1
S1304,Shruti,8,72.3,98.2,100.0,87.5,52.1,66.4
S1305,Sai,9,78.0,69.0,62.1,73.7,312.6,74.4
S1306,Rekha,12,57.8,67.9,57.9,60.3,258.7,43.6
S1307,Aarav,9,64.4,48.1,56.3,58.6,259.0,58.0
S1308,Kartik,6,77.1,90.2,51.2,75.7,25.2,70.1
S1309,Aarav,6,87.5,63.6,15.8,57.5,190.4,68.4
S1310,Aditya,12,83.5,54.6,55.6,76.8,323.8,59.8
S1311,Rahul,7,71.1,66.1,18.6,64.0,173.3,43.7
S1312,Arjun,6,63.2,73.5,69.0,74.9,123.0,61.5
S1313,Arjun,8,75.7,67.5,35.2,69.2,162.7,61.9
S1314,Aditya,9,54.7,86.7,42.1,51.7,213.9,59.4
S1315,Diya,6,58.6,71.9,46.6,65.1,143.4,47.3
S1316,Meera,6,91.1,59.9,55.9,76.9,331.0,76.3
S1317,Rohan,7,75.6,72.2,60.1,61.5,214.2,68.5
S1318,Ananya,12,65.1,74.0,81.7,70.6,170.0,56.9
S1319,Aryan,12,81.6,41.7,48.4,63.0,102.9,59.7
S1320,Rahul,11,88.0,85.7,69.6,92.7,263.6,78.7
S1321,Rahul,7,63.8,59.6,100.0,75.9,261.5,51.2
S1322,Chitra,8,64.0,60.0,67.5,58.5,148.7,56.0
S1323,Kavya,12,62.3,78.5,56.4,75.8,18.7,68.9
S1324,Siddharth,9,83.5,78.4,44.4,72.5,257.0,67.7
S1325,Gopal,7,83.6,52.4,56.1,65.8,203.2,49.5
S1326,Ritika,6,89.4,79.5,42.3,72.7,250.2,64.5
S1327,Suresh,9,84.1,54.9,65.4,60.9,396.1,49.5
S1328,Siddharth,9,47.1,97.8,62.1,65.4,217.6,63.8
S1329,Neha,6,73.9,50.1,16.8,55.5,173.8,60.0
S1330,Divya,7,55.2,69.3,59.6,58.2,116.7,45.0
S1331,Nikhil,6,62.8,50.9,81.5,66.4,191.9,41.2
S1332,Ananya,11,72.4,100.0,52.0,70.4,234.5,58.8
S1333,Divya,9,81.7,42.7,46.9,60.5,224.8,52.8
S1334,Akash,10,57.5,74.4,32.4,58.2,375.1,55.9
S1335,Nikhil,10,37.5,51.8,22.8,39.2,264.9,37.6
S1336,Kavya,8,72.5,58.6,76.6,59.7,207.9,66.9
S1337,Lakshmi,12,100.0,73.2,56.4,78.4,156.4,67.6
S1338,Chitra,6,67.2,87.0,75.4,85.3,244.0,53.2
S1339,Nikhil,6,70.7,94.2,90.6,79.8,138.4,55.4
S1340,Arjun,8,95.0,37.3,78.4,73.6,236.2,65.7
S1341,Kavya,8,78.3,69.8,49.2,67.9,263.9,57.3
S1342,Deepak,8,73.0,91.3,62.9,85.4,200.5,65.3
S1343,Rekha,9,76.2,34.7,47.7,64.4,163.3,50.9
S1344,Sanjay,11,73.5,70.7,45.8,70.6,23.3,66.0
S1345,Ishita,6,54.0,65.0,66.9,54.7,322.9,45.7
S1346,Divya,9,51.2,72.5,43.4,57.8,256.3,47.1
S1347,Aadhya,8,96.4,51.1,15.8,66.1,258.5,72.8
S1348,Krishna,6,72.6,39.2,42.2,50.8,79.5,44.4
S1349,Aditya,9,71.4,30.6,53.9,49.5,344.2,54.7
S1350,Neha,11,68.7,82.6,90.4,88.5,178.1,67.6
S1351,Ananya,9,80.9,84.9,50.2,72.6,194.0,67.6
S1352,Gopal,11,100.0,70.4,70.2,93.4,123.8,66.9
S1353,Nikhil,8,77.3,55.4,56.6,71.6,59.2,68.0
S1354,Krishna,11,61.8,35.8,84.5,62.1,324.2,68.8
S1355,Krishna,6,68.1,75.1,83.1,76.7,335.8,63.4
S1356,Aadhya,8,85.0,45.2,83.5,64.3,205.1,51.9
S1357,Rohan,6,61.8,52.2,25.3,51.1,158.9,48.2
S1358,Anjali,10,81.9,54.4,64.1,77.7,186.1,71.4
S1359,Deepak,7,37.5,61.4,75.2,58.2,188.5,37.0
S1360,Manish,11,66.8,51.3,67.6,63.3,112.0,51.1
S1361,Nikhil,7,78.8,65.6,72.7,83.6,193.7,68.2
S1362,Lakshmi,7,87.8,53.8,61.2,69.8,233.8,74.2
S1363,Chitra,11,58.5,77.6,45.1,57.2,311.6,60.8
S1364,Ananya,8,49.0,83.6,26.1,54.5,221.3,56.0
S1365,Aryan,10,66.3,67.0,47.1,66.3,78.1,51.1
S1366,Deepak,6,54.2,73.3,100.0,61.1,251.8,55.4
S1367,Shruti,9,67.9,100.0,50.3,74.8,197.0,58.4
S1368,Divya,6,69.9,43.9,20.8,54.7,343.3,60.7
S1369,Krishna,9,51.5,42.8,74.7,53.1,348.7,55.3
S1370,Meera,6,81.3,77.5,77.1,85.7,351.8,75.9
S1371,Anjali,11,67.8,100.0,85.7,85.8,169.5,63.5
S1372,Gopal,10,85.1,60.3,69.4,86.6,399.1,69.8
S1373,Deepak,9,44.2,96.1,76.9,63.4,251.6,66.6
S1374,Pooja,12,55.8,66.7,96.8,74.3,366.4,54.2
S1375,Aadhya,8,77.2,52.7,45.1,55.7,174.8,64.1
S1376,Pooja,6,58.8,47.2,41.1,41.2,193.1,46.8
S1377,Aarav,6,67.7,76.3,38.1,50.7,244.7,52.6
S1378,Vishal,9,70.0,48.5,54.7,63.0,233.7,44.2
S1379,Gopal,8,72.2,66.5,88.7,75.7,332.9,65.0
S1380,Kartik,8,60.5,93.5,70.6,70.0,199.1,59.8
S1381,Saanvi,11,72.1,59.5,69.8,57.1,324.8,71.9
S1382,Manish,12,59.0,88.7,23.6,54.9,285.9,48.5
S1383,Harini,11,79.4,43.1,46.1,60.2,200.8,75.0
S1384,Siddharth,11,68.4,55.4,23.3,58.0,278.9,57.8
S1385,Aditya,11,72.2,39.7,83.4,65.1,177.4,57.1
S1386,Saanvi,11,100.0,66.3,91.7,89.3,431.5,74.7
S1387,Neha,11,54.5,79.0,75.6,64.9,0.0,52.4
S1388,Rohan,10,89.4,66.4,40.3,80.7,280.6,74.4
S1389,Kartik,8,32.8,87.1,89.6,57.2,61.2,49.0
S1390,Meera,11,40.9,51.5,54.9,43.4,199.7,30.4
S1391,Krishna,8,52.6,69.1,35.7,50.4,212.3,58.8
S1392,Vishal,8,53.5,55.5,40.7,54.2,355.7,52.1
S1393,Sneha,7,72.9,71.5,51.4,60.9,157.7,62.6
S1394,Harini,10,74.1,74.1,61.0,71.6,337.7,62.5
S1395,Ritika,11,66.4,75.5,56.8,67.7,113.9,49.3
S1396,Vihaan,6,67.9,45.7,31.7,48.0,341.2,52.3
S1397,Divya,9,77.4,49.0,84.3,72.6,177.3,60.9
S1398,Saanvi,12,81.7,52.3,57.0,60.6,226.6,48.4
S1399,Chitra,6,51.4,60.7,45.7,46.1,189.7,50.7
S1400,Suresh,10,64.9,66.6,82.2,70.3,335.4,67.1
S1401,Krishna,9,69.0,77.7,36.3,53.5,317.9,52.1
S1402,Vishal,10,76.8,49.7,27.4,43.5,259.9,45.2
S1403,Neha,8,59.2,36.2,85.4,62.0,116.3,44.1
S1404,Siddharth,9,68.8,100.0,97.8,91.7,155.6,68.2
S1405,Ishita,8,70.4,44.6,50.8,55.0,127.4,48.6
S1406,Meera,6,60.1,80.1,59.1,61.8,17.7,51.3
S1407,Rohan,6,59.8,65.6,37.1,61.9,333.5,56.6
S1408,Anjali,9,71.4,69.5,60.1,61.1,190.5,46.5
S1409,Meera,9,68.2,65.0,50.5,54.6,189.5,43.8
S1410,Gopal,11,77.0,58.1,58.0,70.8,354.6,41.3
S1411,Diya,10,55.3,73.4,68.2,64.0,177.2,59.6
S1412,Lakshmi,11,65.1,57.1,38.0,62.3,144.4,52.7
S1413,Aditya,10,66.8,86.0,52.8,56.2,199.8,65.4
S1414,Nikhil,11,81.4,75.2,23.9,56.8,118.1,50.9
S1415,Pooja,8,56.8,75.8,52.9,61.6,251.0,53.9
S1416,Vivaan,9,73.3,55.9,58.1,66.8,186.4,59.2
S1417,Aadhya,6,73.5,60.7,64.6,72.5,174.3,55.1
S1418,Vivaan,10,93.0,43.6,64.8,72.2,166.5,52.2
S1419,Ananya,10,55.9,58.6,78.1,63.3,210.4,64.4
S1420,Shruti,6,60.8,46.3,29.2,46.2,227.5,57.8
S1421,Pooja,11,56.9,88.6,30.3,69.3,173.2,53.2
S1422,Sanjay,10,46.6,65.9,70.6,51.8,187.7,48.7
S1423,Ananya,12,94.7,68.1,19.2,70.0,212.7,65.3
S1424,Gopal,8,52.6,60.9,63.7,52.0,203.6,38.6
S1425,Sai,9,58.6,68.6,36.4,59.2,222.8,66.9
S1426,Manish,6,88.4,100.0,91.5,86.4,159.1,61.4
S1427,Shruti,9,45.5,59.6,65.0,59.0,310.4,44.8
S1428,Harini,12,80.6,53.3,55.6,66.8,228.7,61.4
S1429,Rahul,10,50.2,74.5,84.6,76.6,174.7,66.5
S1430,Sneha,10,87.5,19.5,38.7,53.2,251.0,62.6
S1431,Arjun,12,39.6,66.2,42.5,50.9,213.3,28.7
S1432,Meera,6,45.5,58.3,34.8,42.0,64.0,38.5
S1433,Shruti,8,62.4,47.1,42.7,51.2,250.7,49.2
S1434,Deepak,7,83.6,74.1,61.2,75.8,128.2,63.8
S1435,Sanjay,6,69.6,66.0,69.9,59.4,304.1,62.6
S1436,Diya,7,65.3,32.6,79.2,50.5,198.2,35.6
S1437,Sanjay,12,88.8,53.4,23.5,65.5,290.2,61.5
S1438,Ishita,11,100.0,13.0,56.6,62.2,163.3,64.0
S1439,Sneha,7,79.4,70.3,37.8,62.7,226.3,67.2
S1440,Chitra,8,61.3,70.1,55.9,58.2,328.9,56.2
S1441,Meera,11,64.1,50.7,100.0,64.9,195.8,50.4
S1442,Lakshmi,7,52.0,74.7,65.8,62.9,166.8,49.5
S1443,Shruti,12,71.4,41.9,78.0,66.9,279.0,62.1
S1444,Vivaan,11,47.2,47.6,99.2,47.8,277.2,42.8
S1445,Sanjay,12,77.7,72.5,82.5,85.8,170.6,57.9
S1446,Aditya,7,98.1,52.6,51.0,80.7,41.3,58.1
S1447,Ananya,12,80.0,63.9,34.5,49.8,165.1,44.9
S1448,Sai,8,63.4,54.9,59.4,66.4,281.0,66.5
S1449,Pooja,7,77.4,57.6,48.6,70.6,150.2,66.2
S1450,Sai,7,92.7,58.4,29.5,66.6,219.0,65.3
S1451,Vivaan,7,92.0,52.3,64.8,65.5,160.8,60.1
S1452,Sneha,6,55.9,70.4,65.3,68.7,46.1,46.3
S1453,Divya,6,77.1,53.7,95.4,73.2,159.2,68.6
S1454,Rekha,6,67.8,65.3,52.8,66.6,280.6,73.5
S1455,Lakshmi,8,81.3,51.9,65.6,81.9,6.7,56.0
S1456,Kavya,11,75.4,37.4,46.7,58.3,242.7,63.5
S1457,Chitra,12,36.8,81.4,77.5,54.9,113.3,42.8
S1458,Gopal,10,65.1,74.0,57.5,63.9,274.8,56.0
S1459,Vikas,7,72.8,100.0,36.5,67.2,284.3,77.7
S1460,Shruti,12,49.9,46.2,59.7,53.9,204.5,43.7
S1461,Harini,7,78.1,61.2,67.8,65.6,204.7,62.6
S1462,Vishal,8,48.7,62.7,65.1,54.1,147.4,46.8
S1463,Ananya,7,58.8,82.8,80.9,63.8,98.9,40.6
S1464,Manish,6,88.8,55.9,31.0,63.7,372.8,68.3
S1465,Diya,10,57.6,43.9,43.1,51.0,142.1,40.2
S1466,Siddharth,9,78.0,86.7,72.8,63.2,361.1,54.7
S1467,Aadhya,7,45.4,59.3,45.5,51.2,142.6,38.1
S1468,Diya,12,99.1,80.8,64.8,84.8,267.3,73.2
S1469,Chitra,6,65.7,78.7,11.6,51.5,117.6,61.2
S1470,Aarav,9,71.3,64.5,100.0,88.6,267.1,56.3
S1471,Vishal,10,72.5,61.9,54.6,70.6,190.7,52.8
S1472,Aditya,9,78.5,58.0,83.9,67.1,191.9,62.0
S1473,Ishita,6,48.7,64.7,53.3,59.7,274.9,38.1
S1474,Rahul,11,69.9,80.5,68.3,80.2,177.8,57.8
S1475,Aryan,11,60.8,50.7,89.8,65.8,91.5,36.6
S1476,Sneha,9,46.3,67.0,83.3,63.9,288.5,56.7
S1477,Siddharth,8,83.8,44.9,55.9,67.2,116.9,56.6
S1478,Rekha,12,65.1,47.1,57.3,45.2,266.5,48.7
S1479,Krishna,12,73.4,64.4,80.1,71.3,307.6,69.3
S1480,Kavya,9,72.5,29.7,100.0,65.1,186.2,47.1
S1481,Sneha,7,65.3,100.0,63.8,83.9,326.4,65.1
S1482,Shruti,7,97.7,43.5,99.1,83.8,263.4,62.5
S1483,Vihaan,12,69.3,64.3,55.2,62.5,157.4,47.2
S1484,Saanvi,12,48.2,86.0,79.0,66.7,346.1,47.3
S1485,Rekha,11,64.4,49.5,82.0,70.5,117.2,48.8
S1486,Kavya,8,77.0,23.6,51.8,53.6,186.1,47.7
S1487,Akash,6,77.5,57.0,45.1,59.0,201.4,60.0
S1488,Neha,7,54.8,49.3,82.9,58.5,274.5,41.4
S1489,Lakshmi,12,83.0,24.0,49.4,62.5,320.4,60.3
S1490,Sai,11,45.3,70.1,42.1,54.9,314.8,51.5
S1491,Sai,10,86.0,68.7,46.3,71.2,240.1,62.8
S1492,Priya,11,51.5,85.6,49.3,62.3,194.8,45.8
S1493,Priya,7,66.8,44.8,77.1,59.4,55.7,49.9
S1494,Vishal,7,84.9,36.2,70.3,65.5,101.7,55.8
S1495,Aryan,11,71.7,57.7,74.3,64.2,379.0,61.4
S1496,Manish,6,81.4,63.4,68.4,71.0,54.8,73.3
S1497,Ishita,9,78.7,81.6,48.1,80.0,149.4,66.7
S1498,Aarav,7,88.0,90.4,73.9,78.7,323.0,68.7
S1499,Arjun,11,84.9,86.9,83.6,81.0,238.9,64.1
S1500,Chitra,12,63.6,70.0,71.7,60.0,303.5,49.2
S1501,Kartik,11,78.9,79.4,69.0,67.7,268.9,53.2
S1502,Kavya,8,48.6,53.5,44.7,48.0,352.3,52.8
S1503,Akash,9,69.2,68.0,64.2,63.9,246.6,40.1
S1504,Siddharth,10,81.5,43.6,43.6,71.2,279.7,65.5
S1505,Suresh,6,71.9,66.1,59.5,65.4,154.8,50.6
S1506,Vikas,10,76.3,66.6,27.2,68.8,272.8,58.1
S1507,Saanvi,9,67.0,96.0,27.3,71.6,184.3,55.0
S1508,Aarav,9,85.8,60.9,56.2,69.7,179.2,75.4
S1509,Arjun,9,68.9,66.6,49.0,75.9,300.5,61.7
S1510,Chitra,10,63.5,69.3,62.1,66.5,301.1,63.7
S1511,Priya,12,82.4,56.8,57.3,77.5,372.0,77.5
S1512,Vivaan,9,50.3,50.6,60.6,61.3,366.1,50.5
S1513,Vivaan,11,77.0,88.4,72.2,81.7,302.6,60.0
S1514,Vikas,10,55.4,47.3,50.7,56.3,65.2,42.7
S1515,Saanvi,9,87.9,41.1,55.6,69.5,384.5,59.2
S1516,Diya,11,66.3,77.2,89.1,68.4,302.6,56.3
S1517,Manish,12,71.9,85.8,60.1,73.5,151.1,61.8
S1518,Suresh,8,75.8,56.9,56.4,71.7,285.6,60.5
S1519,Rekha,12,43.0,57.2,61.7,61.1,126.6,46.4
S1520,Lakshmi,9,60.9,70.1,56.8,58.3,275.7,58.5
S1521,Divya,10,84.6,52.3,45.8,68.4,101.5,59.4
S1522,Neha,7,82.1,50.9,40.0,63.2,147.3,62.0
S1523,Rohan,9,74.0,80.8,44.7,68.0,283.9,59.0
S1524,Krishna,7,51.1,75.9,77.5,67.3,316.6,64.4
S1525,Divya,11,78.2,88.6,47.4,74.9,249.3,62.9
S1526,Akash,8,80.0,42.5,56.9,66.2,194.2,67.7
S1527,Arjun,6,70.7,56.0,74.0,75.7,29.7,44.3
S1528,Vikas,12,87.1,70.1,54.4,78.5,201.2,65.3
S1529,Meera,8,60.4,48.3,72.7,61.7,268.0,48.7
S1530,Siddharth,9,62.9,76.6,29.2,69.7,191.5,59.5
S1531,Siddharth,7,35.2,87.0,57.3,63.0,218.0,53.4
S1532,Deepak,12,82.9,54.5,61.6,68.5,203.3,51.8
S1533,Suresh,7,74.4,65.7,60.5,61.0,191.0,49.2
S1534,Arjun,10,46.5,91.2,26.9,49.1,226.8,37.1
S1535,Deepak,7,45.4,97.4,84.1,76.3,195.5,65.6
S1536,Lakshmi,10,57.8,78.4,42.9,56.5,349.9,57.2
S1537,Arjun,11,81.1,75.7,66.7,69.8,21.4,52.9
S1538,Harini,12,65.8,49.6,60.2,55.0,170.9,46.8
S1539,Deepak,12,58.7,71.5,80.1,63.8,141.7,62.0
S1540,Deepak,6,55.9,75.0,100.0,77.8,239.7,54.8
S1541,Sai,9,55.3,61.2,34.2,50.9,226.9,45.1
S1542,Meera,10,42.9,54.3,47.0,39.1,366.0,34.9
S1543,Lakshmi,6,53.1,41.9,63.8,52.6,395.6,39.1
S1544,Diya,7,55.0,33.7,37.9,45.7,150.4,50.5
S1545,Suresh,7,79.6,29.9,75.6,60.8,220.0,68.6
S1546,Neha,6,67.7,75.4,76.9,79.2,237.7,54.3
S1547,Ishita,12,58.4,67.7,71.2,61.9,148.2,62.7
S1548,Lakshmi,7,100.0,56.3,64.7,84.7,276.6,70.3
S1549,Vivaan,11,60.7,59.0,87.4,70.5,198.4,58.3
S1550,Sanjay,11,86.3,68.8,36.9,74.3,123.9,76.8
S1551,Kavya,6,92.7,62.0,61.3,69.1,194.8,65.7
S1552,Sanjay,10,48.0,40.9,45.2,45.8,130.2,36.3
S1553,Manish,10,71.0,81.4,77.8,75.5,313.3,71.1
S1554,Aditya,6,62.8,70.5,23.3,46.7,391.1,45.0
S1555,Nikhil,10,61.6,69.8,59.4,70.2,242.0,65.9
S1556,Vikas,12,77.8,80.1,66.7,70.8,230.0,65.8
S1557,Saanvi,12,61.3,50.4,41.1,49.3,233.7,43.7
S1558,Rohan,10,63.1,86.8,47.5,60.2,326.4,53.9
S1559,Ishita,11,67.6,62.5,60.3,68.5,324.5,47.9
S1560,Aarav,10,64.8,81.0,79.1,64.1,209.6,53.3
S1561,Aditya,12,53.6,78.2,39.3,61.1,242.7,50.4
S1562,Kavya,8,81.1,46.3,42.8,67.4,278.7,52.4
S1563,Sneha,9,84.7,74.1,82.5,84.2,117.6,67.6
S1564,Lakshmi,7,74.8,70.9,54.5,72.8,329.1,68.0
S1565,Vikas,8,64.7,65.5,44.4,64.5,376.1,56.4
S1566,Harini,10,60.1,63.3,74.6,59.0,324.9,59.0
S1567,Vihaan,11,60.1,63.5,50.2,67.3,107.9,45.7
S1568,Aarav,6,100.0,79.6,80.5,86.3,42.7,82.2
S1569,Saanvi,10,83.1,75.4,46.7,71.3,283.8,68.1
S1570,Sneha,11,58.2,65.5,56.8,58.1,151.6,62.5
S1571,Pooja,9,72.3,38.1,78.9,66.7,245.8,74.7
S1572,Rahul,10,64.9,73.9,55.5,62.0,358.2,54.8
S1573,Pooja,12,78.2,78.0,75.1,77.8,160.9,61.7
S1574,Rahul,6,77.6,100.0,58.7,72.2,186.0,65.2
S1575,Nikhil,11,85.2,84.4,99.6,95.5,244.9,79.5
S1576,Aadhya,11,58.1,30.8,91.4,62.3,103.2,55.8
S1577,Krishna,11,71.5,66.4,33.4,58.7,151.8,50.5
S1578,Ritika,9,45.5,97.6,70.4,64.6,222.2,55.7
S1579,Deepak,10,52.4,76.2,43.7,61.2,193.0,49.8
S1580,Aarav,9,82.4,70.9,63.8,70.1,274.8,70.6
S1581,Rohan,7,56.7,81.2,61.4,66.0,468.9,71.2
S1582,Saanvi,7,58.2,53.8,38.9,59.0,228.9,48.0
S1583,Rekha,10,69.9,73.6,81.2,69.0,144.2,45.3
S1584,Vikas,12,79.7,60.5,64.1,72.3,347.6,70.8
S1585,Aditya,9,55.1,64.6,54.3,59.7,77.0,41.3
S1586,Manish,6,21.3,79.9,51.2,45.8,95.0,32.4
S1587,Deepak,11,57.8,48.3,62.8,53.2,166.4,52.7
S1588,Vishal,11,86.9,88.2,68.2,89.9,194.5,76.1
S1589,Pooja,10,74.8,57.4,57.5,61.7,164.3,55.9
S1590,Sai,12,88.5,69.7,3.3,50.7,217.2,57.6
S1591,Neha,7,54.2,39.8,60.3,55.2,244.7,22.3
S1592,Anjali,7,47.0,78.0,31.2,45.1,316.2,52.7
S1593,Gopal,11,76.5,91.0,55.8,79.8,228.2,66.0
S1594,Aditya,10,73.4,55.7,31.9,65.7,169.4,69.1
S1595,Krishna,9,74.3,45.0,31.7,58.6,311.3,59.5
S1596,Krishna,7,83.1,70.0,84.7,86.0,146.4,63.3
S1597,Pooja,9,75.9,91.2,53.6,87.0,73.1,75.6
S1598,Aadhya,12,75.7,38.9,52.1,64.5,328.5,66.9
S1599,Vivaan,7,80.0,45.1,69.7,68.9,322.8,59.6
